contract_id,premium,claims,expected_service_cost
0,1249.6714153011233,1067.9226523903203,213.58453047806407
1,1186.1735698828816,1010.9560419495323,202.19120838990648
2,1264.7688538100692,907.1556443904209,181.4311288780842
3,1352.3029856408025,822.3675866753312,164.47351733506625
4,1176.5846625276663,983.7867976336308,196.7573595267262
5,1176.586304305082,947.2182462506099,189.443649250122
6,1357.9212815507392,1007.4231864033279,201.4846372806656
7,1276.7434729152908,976.2206162018364,195.2441232403673
8,1153.0525614065048,1025.9463258383203,205.18926516766408
9,1254.2560043585966,835.7717746127319,167.1543549225464
10,1153.6582307187537,1058.087287876119,211.61745757522382
11,1153.4270246429744,923.711952563088,184.7423905126176
12,1224.1962271566035,1149.0313047150319,229.80626094300638
13,1008.6719755342202,817.2974618292519,163.4594923658504
14,1027.5082167486967,1108.31565637983,221.663131275966
15,1143.7712470759027,923.7492940155178,184.74985880310356
16,1098.7168879665576,821.8298395662662,164.36596791325326
17,1231.4247332595273,841.9336999134814,168.3867399826963
18,1109.1975924478788,861.5583230166816,172.31166460333634
19,1058.769629866471,950.89991356823,190.179982713646
20,1346.5648768921553,962.74025856426,192.54805171285201
21,1177.4223699513464,831.1559995273706,166.2311999054741
22,1206.7528204687924,897.0774489286821,179.41548978573644
23,1057.5251813786542,1157.0724430334235,231.4144886066847
24,1145.5617275474817,1107.3051804120853,221.46103608241708
25,1211.0922589709867,952.3588403608838,190.4717680721768
26,1084.9006422577697,904.560417380184,180.91208347603683
27,1237.5698018345672,914.4037592061914,182.8807518412383
28,1139.9361310081194,973.62215672765,194.72443134553
29,1170.8306250206724,777.2648921761913,155.45297843523826
30,1139.8293387770602,869.1148155091986,173.82296310183972
31,1385.2278184508937,699.7699111346892,139.95398222693785
32,1198.6502775262065,947.9067747126335,189.5813549425267
33,1094.22890710441,977.663512764329,195.5327025528658
34,1282.254491210319,842.0176245240751,168.40352490481504
35,1077.9156350028977,1088.878411594804,217.7756823189608
36,1220.8863595004755,752.908120439719,150.58162408794382
37,1004.0329876120225,724.2750143748216,144.85500287496433
38,1067.181395110157,926.9342182271967,185.38684364543934
39,1219.6861235869123,1025.6517963134586,205.13035926269174
40,1273.846657999541,1102.0713229749442,220.41426459498885
41,1217.136828118997,844.9338884557272,168.98677769114545
42,1188.435171761176,1029.4417000117555,205.88834000235113
43,1169.8896304410712,895.3789836599151,179.07579673198302
44,1052.1478009632572,879.2847240071017,175.85694480142035
45,1128.0155791605291,1006.0391924984007,201.20783849968015
46,1153.9361229040212,978.2787454096103,195.65574908192207
47,1305.7122226218917,710.8329411618901,142.16658823237802
48,1234.3618289568462,1077.1848419671076,215.43696839342152
49,1023.6959844637266,1065.6109624976941,213.12219249953884
50,1232.4083969394794,824.9324758188565,164.9864951637713
51,1161.4917719583684,947.4964240124891,189.49928480249784
52,1132.3077999694042,959.2836223539286,191.85672447078574
53,1261.1676288840868,931.2808518988688,186.25617037977378
54,1303.0999522495952,833.9633815385496,166.79267630770994
55,1293.1280119116198,819.4051958474338,163.88103916948677
56,1116.078247677736,896.9335114810266,179.38670229620533
57,1169.0787624148786,1040.7274823111238,208.14549646222477
58,1233.1263431403563,965.2320185513319,193.0464037102664
59,1297.554512712236,855.5262801496673,171.10525602993346
60,1152.082576215471,992.6038452778014,198.5207690555603
61,1181.4341023336183,558.1748855243909,111.63497710487819
62,1089.366502599397,1037.8518840446525,207.57037680893052
63,1080.3793375919329,691.2343465466281,138.24686930932563
64,1281.2525822394198,856.5070870316241,171.30141740632484
65,1335.6240028570824,765.6396126448627,153.12792252897256
66,1192.7989878419667,744.6382229134913,148.92764458269826
67,1300.3532897892023,1039.2992144854225,207.8598428970845
68,1236.1636025047635,843.8758558425731,168.77517116851462
69,1135.4880245394875,941.5804658076859,188.3160931615372
70,1236.1395605508415,894.3695305344979,178.8739061068996
71,1353.803656646597,957.2448992667746,191.44897985335493
72,1196.4173960890048,909.2186269272306,181.84372538544613
73,1356.4643655814007,746.0409330973716,149.20818661947433
74,938.0254895910256,1019.5520183336569,203.91040366673138
75,1282.1902504375223,840.7492100206425,168.14984200412852
76,1208.704706823817,713.2101721608299,142.64203443216599
77,1170.0992649534132,848.6261806840905,169.72523613681813
78,1209.1760776535502,1080.0911748761173,216.01823497522346
79,1001.2431085399107,1002.0266090536192,200.40532181072385
80,1178.0328112162488,858.1617438710568,171.63234877421138
81,1235.7112571511746,858.0890754817885,171.61781509635773
82,1347.7894044741515,861.4037938539141,172.28075877078282
83,1148.1729781726353,1149.209758027301,229.8419516054602
84,1119.1506397106812,945.8322542677864,189.1664508535573
85,1149.8242956415463,951.6049976629283,190.3209995325857
86,1291.5402117702074,1023.634014483821,204.7268028967642
87,1232.8751109659684,928.6546990831816,185.73093981663635
88,1147.023979623296,868.9149425015156,173.78298850030313
89,1251.3267433113356,876.4380181098026,175.28760362196053
90,1209.7077549348041,891.4078488703124,178.2815697740625
91,1296.864499053289,895.533331618819,179.10666632376382
92,1129.7946906122647,987.3155452364376,197.46310904728753
93,1167.2337853402232,906.2335062968759,181.2467012593752
94,1160.7891846867842,987.9168092658695,197.5833618531739
95,1053.648505186788,890.3140103869702,178.06280207739405
96,1229.6120277064576,909.4362228379309,181.8872445675862
97,1226.105527217989,660.2159178561471,132.04318357122943
98,1200.5113456642462,1009.9593209642978,201.99186419285957
99,1176.5412866624854,941.5786171077591,188.31572342155184
100,1058.4629257949587,1019.7612131831582,203.95224263663167
101,1157.9354677234642,552.4493546167573,110.48987092335148
102,1165.728548347323,1150.6049645736873,230.12099291473749
103,1119.772273077838,883.2492446213791,176.64984892427583
104,1183.871428833399,1032.9819380085019,206.59638760170037
105,1240.4050856814538,775.2112887449363,155.04225774898725
106,1388.618590121053,973.5328686075084,194.70657372150168
107,1217.457781283184,773.5901324191613,154.71802648383226
108,1225.7550390722765,825.1477247165034,165.0295449433007
109,1192.5554084233834,1129.6837624640143,225.93675249280287
110,1008.1228784700959,877.1181119083984,175.4236223816797
111,1197.3486124550784,926.0919447815668,185.21838895631336
112,1206.0230209941026,1004.4081276826505,200.88162553653012
113,1446.3242112485286,959.4818265567126,191.89636531134252
114,1180.7639035218876,918.0502686172292,183.61005372344584
115,1230.1547342333613,943.795320295947,188.75906405918943
116,1196.5288230294757,1188.409870228593,237.68197404571862
117,1083.1321962380468,893.0857443559697,178.61714887119396
118,1314.282281451502,924.1318856057961,184.82637712115923
119,1275.1933032686775,1026.0785275209134,205.2157055041827
120,1279.1031947043048,1032.6631119549581,206.53262239099163
121,1109.061254520526,1042.4436366672455,208.4887273334491
122,1340.27943109361,976.6476266435021,195.32952532870044
123,1059.814893720772,762.839410472342,152.56788209446842
124,1258.685709380027,1096.0117838761316,219.20235677522635
125,1419.0455625809977,762.4385528377575,152.4877105675515
126,1100.9463674869312,936.316255828684,187.26325116573682
127,1143.3702270397227,809.486897997677,161.8973795995354
128,1209.965136508764,892.3033984088408,178.46067968176817
129,1149.6524345883802,939.4514892364176,187.89029784728353
130,1044.9336568933868,938.5628658540328,187.71257317080656
131,1206.8562974806027,950.6304905082342,190.12609810164685
132,1093.7696286273895,1093.6453522870377,218.72907045740754
133,1247.359243063518,954.4241161816776,190.88482323633554
134,1108.0575765766198,870.7012037651222,174.14024075302444
135,1354.9934405017539,1015.6904601946029,203.1380920389206
136,1121.6746707663763,1042.7364586709568,208.5472917341914
137,1167.7938483794323,752.6870621835609,150.53741243671217
138,1281.351721736967,971.688008381983,194.33760167639662
139,1076.9135683566044,984.1407290773078,196.82814581546157
140,1222.745993460413,864.292379596801,172.85847591936022
141,1330.714275428243,1065.0848175973942,213.01696351947885
142,1039.2516765438772,881.9933295560968,176.39866591121938
143,1218.4633858532304,915.069174416585,183.01383488331703
144,1225.9882794248424,879.2313810859356,175.84627621718712
145,1278.182287177731,901.8694857097761,180.37389714195524
146,1076.3049289121918,768.4469895725758,153.68939791451518
147,1067.9543386915723,727.1938940886847,145.43877881773696
148,1252.1941565616899,1091.3406075869966,218.26812151739932
149,1229.6984673233187,798.3646382018006,159.67292764036014
150,1225.0492850345877,781.0329180652432,156.20658361304865
151,1234.6448209496975,641.5931863675542,128.31863727351083
152,1131.997527842151,823.3245902772597,164.66491805545195
153,1223.2253697161004,741.2292247911003,148.24584495822006
154,1229.3072473298682,1097.0418192163643,219.40836384327287
155,1128.5648581973633,1021.178050721116,204.23561014422322
156,1386.5774511144757,817.4219585786732,163.48439171573466
157,1247.3832920911786,1170.292296641317,234.05845932826344
158,1080.8696502797352,1017.8118584389913,203.56237168779828
159,1265.655360863383,861.0202339789653,172.20404679579306
160,1102.5318329772679,600.0713142151712,120.01426284303426
161,1278.7084603742453,1174.913108710889,234.9826217421778
162,1315.8595579007404,733.2513039883685,146.6502607976737
163,1117.931768164829,702.552150365173,140.5104300730346
164,1296.3376129244323,1022.7084518411568,204.54169036823137
165,1241.2780926936498,1192.7702887607127,238.55405775214254
166,1282.206015999449,1066.1127382212621,213.22254764425244
167,1389.6792982653947,967.6690944062832,193.53381888125665
168,1175.461188399713,971.3705209998343,194.27410419996687
169,1124.626383564251,1002.409867053637,200.4819734107274
170,1111.0485570374476,991.0714307744119,198.2142861548824
171,1118.418971503456,933.7429708763251,186.74859417526503
172,1192.2898290585895,912.5041324742251,182.50082649484503
173,1234.1151974816644,892.4888246520574,178.49776493041148
174,1227.669079933002,809.5242493359989,161.9048498671998
175,1282.7183249036025,866.3189907759871,173.26379815519743
176,1201.3001891877907,696.8451822965537,139.36903645931076
177,1345.3534077157317,888.19924478463,177.63984895692602
178,1173.5343166762043,781.3690671418899,156.273813428378
179,1472.016916658962,767.5692819341075,153.51385638682152
180,1262.5667347765007,921.5872981384174,184.3174596276835
181,1114.2842443583718,1067.040274361352,213.4080548722704
182,1092.9107501938888,1010.1979927202776,202.03959854405554
183,1248.2472415243185,711.5399275652187,142.30798551304375
184,1177.653721467415,781.2446236115595,156.24892472231193
185,1271.4000494092093,1012.8925425585859,202.5785085117172
186,1247.3237624573544,782.1015127754029,156.42030255508058
187,1192.7171087343127,873.044022000357,174.60880440007142
188,1115.3206281931596,966.0062518829462,193.20125037658926
189,1048.5152775314136,783.7986654163637,156.75973308327275
190,1155.348504793298,912.6450607375152,182.52901214750307
191,1285.6398794323472,739.9169406098155,147.9833881219631
192,1221.4093744130205,827.8358827258544,165.5671765451709
193,1075.4261221288011,938.3738320971045,187.6747664194209
194,1217.3180925851182,708.8407519761997,141.76815039523996
195,1238.5317379728838,952.8569685552479,190.5713937110496
196,1111.6142563798867,897.6434641287982,179.52869282575966
197,1215.3725105945528,966.2987945300578,193.25975890601157
198,1205.8208718445999,926.8696960877594,185.37393921755188
199,1085.7029702169377,1063.6968515968613,212.73937031937226
200,1235.7787360348284,915.0269403177489,183.0053880635498
201,1256.0784526368234,848.4713350649696,169.69426701299392
202,1308.3051243175278,914.6757003638741,182.93514007277483
203,1305.3802052034903,965.1957634843666,193.03915269687332
204,1062.2330632042908,905.8632084390845,181.1726416878169
205,1106.2174960084876,904.8710029444659,180.97420058889318
206,1251.503526720866,815.7609974631894,163.1521994926379
207,1251.3785950912209,820.4518898938862,164.09037797877727
208,1251.5047686306048,731.6873673840367,146.33747347680736
209,1585.2731490654721,1109.9492091824327,221.98984183648656
210,1257.0890510693166,750.7364117530458,150.14728235060917
211,1313.5565640180598,816.8513762644911,163.37027525289824
212,1295.4001763493202,813.7911281316963,162.75822562633925
213,1265.1391251305797,1007.390925233333,201.4781850466666
214,1168.4730755359653,864.6060386049567,172.92120772099133
215,1275.8969220493268,1049.7290487208481,209.94580974416965
216,1122.7174785462428,819.1811250907358,163.83622501814716
217,1176.318139325999,933.4792994668562,186.69585989337125
218,1151.4636452170896,799.7583536088291,159.95167072176582
219,1208.1874139386323,1157.4178953328067,231.48357906656133
220,1431.4658566673509,757.4881897164585,151.4976379432917
221,1013.2734807408252,937.1784852272433,187.43569704544868
222,1268.6260190374514,976.0532257118518,195.21064514237037
223,1038.7284128810347,949.6558916941798,189.93117833883596
224,1152.8068134210566,877.765480934675,175.55309618693502
225,1308.8950596967366,884.4215160319889,176.8843032063978
226,1206.4280019095463,905.2573766374932,181.05147532749865
227,1092.2255222070694,882.3597598045814,176.47195196091627
228,1128.4696290740033,1015.6654940153892,203.13309880307784
229,1267.9597748934675,1165.2627601909621,233.05255203819243
230,1126.9633368282864,833.10098579906,166.62019715981202
231,1221.6458589581976,735.6236424505107,147.12472849010214
232,1204.5571839903814,889.4061541978494,177.8812308395699
233,1134.8399652394182,1209.5651205185181,241.91302410370363
234,1414.3944089325325,803.5590518436323,160.71181036872647
235,1263.3919022318012,1096.6940166532881,219.33880333065764
236,997.4857413342393,1101.324097689173,220.2648195378346
237,1218.6454314769428,833.5694109950407,166.71388219900814
238,1133.8213535231612,968.2779695022331,193.65559390044663
239,1285.2433334796224,1095.4075947754245,219.0815189550849
240,1120.74792615673,854.5046710815016,170.90093421630033
241,1188.5263558533102,875.5703567877166,175.11407135754334
242,1250.4987278980457,830.1982903261628,166.03965806523257
243,1286.5755194170122,778.2291923168559,155.6458384633712
244,1079.9703592944225,822.0866945920791,164.41733891841582
245,1166.5498764159051,753.1271679885292,150.62543359770584
246,1152.5054688839043,904.0900161911071,180.81800323822142
247,1134.6670767426288,807.603212272963,161.5206424545926
248,1376.5454240281097,928.0543094148898,185.61086188297796
249,1240.4981710960956,713.2925224555647,142.65850449111295
250,1073.9116045664955,939.7056278657349,187.941125573147
251,1291.7861947054776,1000.023475393071,200.0046950786142
252,1412.2156197012632,660.7517228914253,132.15034457828506
253,1303.2465260551146,944.8867883817087,188.97735767634174
254,1048.0630034045987,1047.320279096795,209.46405581935903
255,1151.5765927133748,754.8430777570553,150.96861555141106
256,1326.6911149186624,1100.7086864205244,220.1417372841049
257,1129.233053438122,950.2822811239254,190.05645622478508
258,1244.3819428146228,815.398577308991,163.0797154617982
259,1277.4634053429336,893.3077106810753,178.66154213621508
260,1107.3069528421918,966.9992295026067,193.39984590052134
261,1194.04746439382,909.1206469694894,181.8241293938979
262,875.8732659930927,964.6507190935642,192.93014381871285
263,1097.561235866571,789.519168830476,157.9038337660952
264,1174.7431848606839,920.3232988843293,184.06465977686588
265,1075.2216818035151,730.3542603714023,146.07085207428048
266,1363.2411303931635,886.6528726381559,177.3305745276312
267,1056.9858622039367,791.5310830242253,158.30621660484508
268,1155.9955513303016,811.736406889228,162.3472813778456
269,1213.0740577286092,1048.3311810252526,209.66623620505052
270,1344.1273289066116,1030.9572144713122,206.19144289426245
271,1056.413784882056,973.0965745088613,194.61931490177227
272,1316.316375215496,768.9224682392905,153.7844936478581
273,1201.0233061019587,862.0309860366237,172.40619720732477
274,1101.849134895205,1045.571723997502,209.1143447995004
275,1246.2103474263272,917.0060296367885,183.40120592735772
276,1219.905969557347,1178.3195447978032,235.66390895956067
277,1139.9783122841204,947.1981407273246,189.43962814546492
278,1206.980208499002,923.0458939788037,184.60917879576076
279,1161.468640313824,862.9060242956998,172.58120485913997
280,1211.3517345251248,916.0249085738739,183.2049817147748
281,1266.2130674521047,881.7036196343347,176.34072392686696
282,1358.6016816145352,984.9730412026308,196.9946082405262
283,1076.2184501173151,1014.8042780153501,202.96085560307003
284,1413.3033374656266,805.681264739046,161.13625294780923
285,1004.7912200477498,740.2520455730667,148.05040911461333
286,1184.8214904964416,679.6553552276044,135.9310710455209
287,1258.8317206484576,960.9589592295052,192.19179184590107
288,1228.0991867735033,767.5960072591351,153.51920145182703
289,1137.7300480179406,641.653128845702,128.3306257691404
290,1179.1877749642724,946.6294325437157,189.32588650874314
291,1150.6999065341167,1199.159942091935,239.831988418387
292,1141.0635243055788,899.2714906152128,179.85429812304255
293,1284.9602097021025,1000.618892934197,200.12377858683942
294,1235.7015485965048,909.8195230257078,181.96390460514158
295,1130.7090404739347,888.1332416170629,177.6266483234126
296,1289.959987543325,1010.2891779585323,202.05783559170646
297,1230.7299520876609,865.1670546973619,173.0334109394724
298,1281.286211883896,932.0870776886284,186.41741553772567
299,1262.9628841923611,938.6037367435216,187.72074734870432
300,1117.1004989077928,819.8291455628341,163.96582911256684
301,1143.981895980303,1019.0450819443828,203.80901638887656
302,1274.7293605123261,879.004829196551,175.8009658393102
303,1261.0370265433464,809.3105808608586,161.86211617217174
304,1197.9098406035853,964.3811812284484,192.8762362456897
305,1211.7327383308782,792.1838421850755,158.4367684370151
306,1327.7664895788425,903.3817388842954,180.67634777685907
307,1140.842861116417,898.9057204026956,179.78114408053912
308,1254.7097381170038,1030.3074678997893,206.06149357995787
309,1179.7807347566106,956.9637879455943,191.39275758911887
310,1178.231879677278,896.9967649505827,179.39935299011654
311,1309.877685198719,998.1319559040345,199.6263911808069
312,1282.541634898803,1066.8249058820777,213.36498117641554
313,1281.3509636000638,966.9372367622235,193.38744735244472
314,1330.547880715433,901.2423143812057,180.24846287624115
315,1202.100384163276,742.5796521179809,148.5159304235962
316,1268.1952971294963,772.1863604309553,154.4372720861911
317,1168.9733243406545,863.3730354774399,172.674607095488
318,1232.4166352488442,826.858535740886,165.37170714817722
319,1186.9856945632316,877.5634436417465,175.5126887283493
320,1209.6995964992718,906.7979909876528,181.35959819753057
321,1259.5157025436913,963.5631305228077,192.71262610456154
322,1118.1779316766529,891.540146632909,178.30802932658182
323,1409.238727568546,958.3801972591442,191.67603945182884
324,1099.3982618500297,907.7369297772144,181.5473859554429
325,1078.5811387212268,662.9440120375355,132.5888024075071
326,1315.8110873500068,787.2797527417495,157.4559505483499
327,1279.1662693962935,882.7094933134061,176.54189866268123
328,1262.4119817052156,754.8366308590671,150.96732617181343
329,1262.834550926428,971.9914475995446,194.39828951990893
330,1198.7753227153084,1083.6900998812437,216.73801997624875
331,1110.274562851417,1046.251422203678,209.2502844407356
332,1207.5804558193727,874.3868554883751,174.87737109767502
333,1132.2838288487887,1078.8871364219942,215.77742728439887
334,1297.511973341775,917.8400948642534,183.5680189728507
335,1185.2942618497862,859.5496834658353,171.90993669316708
336,1117.4502803207488,826.3916803750873,165.27833607501748
337,1167.8614158347007,863.7036376214246,172.74072752428492
338,1241.2931454275624,853.4187817750526,170.68375635501053
339,1143.6275447196026,920.4499466850585,184.08998933701173
340,1117.777960443357,919.2688777259838,183.85377554519675
341,1224.3687211491913,900.3655224184097,180.07310448368196
342,1224.4966571108723,952.432580369562,190.4865160739124
343,1149.305682462887,1042.877552974361,208.57551059487218
344,1152.8961694381678,1013.9464962529588,202.78929925059177
345,1223.2049937357635,721.8122437860115,144.36244875720232
346,1055.1915658502676,593.5294638117655,118.7058927623531
347,1059.2536225623444,1012.1183893487129,202.4236778697426
348,1128.1555778747563,735.9745561901494,147.1949112380299
349,1178.6552848288152,873.028151772878,174.60563035457562
350,1231.0907565598004,759.5864368728769,151.91728737457538
351,1347.5356216949551,683.7623474903976,136.75246949807953
352,1285.7659623202019,964.9755273845745,192.99510547691492
353,1184.0061470036574,991.0986192363176,198.21972384726354
354,1198.098379209731,830.8187519127937,166.16375038255876
355,1099.7470635362192,589.0749249426108,117.81498498852216
356,1198.148686400761,834.450666209702,166.89013324194042
357,1171.1341361079863,947.0164806483056,189.40329612966113
358,1232.271856033809,722.5306117471046,144.5061223494209
359,1117.2769056447678,922.0031903734987,184.40063807469974
360,1251.9346514241172,898.1628180992406,179.63256361984813
361,1353.2738913002577,969.5149799521306,193.90299599042612
362,1189.1239851543141,914.3496442096983,182.86992884193967
363,1240.1711722098942,783.2317270942133,156.64634541884266
364,1269.0143991711113,1043.588580199739,208.71771603994782
365,1159.8779528114164,880.9764512367636,176.19529024735274
366,1222.4092481810417,896.7234552588081,179.34469105176163
367,1201.2592400781796,788.0078449112165,157.6015689822433
368,1209.7676098548832,846.8061298570187,169.36122597140377
369,1122.6990216144534,793.8236743167719,158.7647348633544
370,1202.4510174258942,879.2464728091893,175.84929456183787
371,1249.7998291245449,1105.4050176170813,221.08100352341626
372,1345.1143607795043,735.3718628482372,147.07437256964747
373,1295.9270826085208,706.372632254791,141.2745264509582
374,1415.3182457511557,1076.540439299233,215.3080878598466
375,1123.2652437111951,874.8811587417761,174.97623174835522
376,1287.2320636720679,819.71127136081,163.94225427216202
377,1218.3342005738352,1024.7885624875291,204.95771249750584
378,1418.9802933217672,827.3261352315762,165.46522704631525
379,1119.1701714644848,1119.1211656256323,223.82423312512648
380,1116.0278157819223,981.3511045607123,196.27022091214246
381,1140.0607354555978,841.4506310225157,168.29012620450317
382,987.6104275690193,1158.8769855918604,231.7753971183721
383,1147.4244978319239,827.3142092395994,165.4628418479199
384,1124.08673384463,989.0514446411169,197.81028892822337
385,1215.0393786476207,935.915109648779,187.1830219297558
386,1234.175597577716,1056.2089547278558,211.24179094557118
387,1387.6170839215886,1087.3813436072223,217.47626872144448
388,1295.042383818605,903.840497887892,180.7680995775784
389,1142.3096344337596,809.589855558458,161.9179711116916
390,1110.1585328651643,955.196657152694,191.03933143053882
391,1249.1919171506506,818.6741556297472,163.73483112594946
392,1067.9766792979358,1141.6064697031948,228.32129394063895
393,1383.1458765854354,916.3842397299285,183.2768479459857
394,1317.9440120721288,856.161413842547,171.2322827685094
395,1153.0824347895295,922.161636703789,184.4323273407578
396,1028.6865470909122,738.3448452564364,147.6689690512873
397,1335.3872374165412,783.4063153787218,156.68126307574437
398,1188.5460154747382,1044.049668953331,208.80993379066624
399,1323.781631197346,821.1726865234325,164.2345373046865
400,1040.5572341205634,774.3706820781672,154.87413641563344
401,1140.0624977046227,964.3983303032743,192.87966606065487
402,1200.5243699718183,1042.2844985595596,208.45689971191192
403,1204.6980593764742,986.274397279808,197.2548794559616
404,1154.9934528520757,1019.525722296698,203.9051444593396
405,1262.28499323475,809.1845893716647,161.83691787433295
406,1093.2379570617406,729.3827199909788,145.87654399819576
407,1185.7620514978707,1080.1600382346585,216.0320076469317
408,1212.02956317119,861.2784193389438,172.25568386778878
409,1251.4438834058749,869.9000380253943,173.98000760507887
410,1271.161487808889,1059.3832970218868,211.8766594043774
411,1087.5357908162132,966.7476011280792,193.34952022561583
412,1046.5885829264378,954.706532649793,190.9413065299586
413,1327.7676821898508,1159.80028138813,231.96005627762602
414,1233.2314011979593,822.7778123543828,164.55556247087657
415,1125.1513463443446,1011.3408153697485,202.26816307394972
416,1355.1151975522523,906.8415749876501,181.36831499753004
417,1211.567463429286,932.2310734635909,186.44621469271817
418,1317.9297184063826,1083.4162111695039,216.68324223390078
419,1206.751848141011,960.9402907547549,192.18805815095098
420,1406.0747924881987,964.5955294859559,192.9191058971912
421,1375.5340842443204,1028.7008804771763,205.74017609543526
422,1175.1035851520926,856.2056724548538,171.24113449097078
423,1297.1570950954356,799.2948399193192,159.85896798386386
424,1264.5375949585148,774.622896717476,154.92457934349522
425,1336.8631557532349,664.0372092748798,132.80744185497596
426,1103.5076539419895,1146.7448555928386,229.34897111856773
427,1268.605145999844,767.6149961133981,153.52299922267963
428,1305.8424486849588,873.4495651697074,174.68991303394148
429,1024.1260513576885,866.7824040133295,173.3564808026659
430,1081.6741487334225,936.8888037370921,187.37776074741842
431,996.07678222399,997.8884655047157,199.57769310094315
432,1173.0593165555442,1003.2568186031694,200.6513637206339
433,1271.7542255795963,830.0307073717274,166.0061414743455
434,1350.2357052096029,879.9453943456306,175.98907886912613
435,1207.4094780419775,933.909594058596,186.7819188117192
436,1362.8615545571292,870.1570648579743,174.03141297159488
437,1061.9898541785108,1092.881469122399,218.57629382447982
438,1029.6617560644845,958.9169941965902,191.78339883931804
439,1194.4452301103381,988.1853343259781,197.63706686519564
440,1238.4065448939307,979.5457522400895,195.90915044801793
441,1196.7305251905907,1040.816862898239,208.16337257964778
442,993.2557899960124,921.7225870444448,184.34451740888898
443,1191.0879960487212,744.3801662452984,148.87603324905967
444,1069.5530499495146,947.962554210317,189.5925108420634
445,1266.9672548830038,821.8371727449805,164.36743454899613
446,1236.6598246096848,836.5659981900292,167.31319963800584
447,1106.0120213672644,970.3636822506112,194.07273645012225
448,1148.6133082663307,1048.5939685720364,209.7187937144073
449,1094.078647811105,902.5525892083274,180.5105178416655
450,1193.7320902726829,937.0599615118756,187.41199230237513
451,1295.5142320501238,1104.2657933562286,220.85315867124575
452,1101.4273953664456,928.8903815386282,185.77807630772566
453,1250.4046515517844,1212.2019737016474,242.44039474032948
454,1146.974238162756,967.8611574757853,193.57223149515707
455,1120.7127167737656,688.7084689013019,137.7416937802604
456,1189.2969640045442,990.4009945325439,198.0801989065088
457,1096.4757677580626,945.7390061859334,189.14780123718668
458,1144.6350694652817,1054.7703304899294,210.9540660979859
459,1080.212210741115,980.781762152395,196.15635243047902
460,1396.472513291639,883.3852819219471,176.67705638438943
461,1203.526355197173,753.0842116452761,150.61684232905523
462,1130.0274492007416,874.917209125677,174.9834418251354
463,1221.3979910734222,797.937545494884,159.58750909897682
464,1188.767195030917,830.3371860234333,166.06743720468668
465,1177.9030400466777,970.6294085304731,194.12588170609465
466,1261.4166700043424,1100.3885405221688,220.07770810443378
467,1275.7507710047305,947.3605835787578,189.47211671575155
468,1146.9498852389472,756.494032555778,151.2988065111556
469,1142.418175935532,953.3523201864169,190.6704640372834
470,1172.4948302848356,1043.5957783974782,208.71915567949566
471,969.8078835264415,826.8260514816741,165.36521029633482
472,1048.4808937801447,883.9179399992498,176.78358799984997
473,1336.6874267444525,901.7625833675037,180.35251667350076
474,1364.4967713501283,805.8122024301312,161.16244048602624
475,1175.096396044362,977.7936520612631,195.55873041225263
476,1257.6556963055766,885.4862221670662,177.09724443341327
477,1231.1250154543536,950.3438932688433,190.06877865376867
478,1507.8880808455237,793.500938663748,158.7001877327496
479,1311.9574911434577,847.5050039611907,169.50100079223816
480,1187.2082408519234,986.6857629393326,197.3371525878665
481,1104.4459559399575,855.2600217489879,171.05200434979758
482,1039.3553679742427,1107.2356621480085,221.4471324296017
483,1220.3463635867224,852.0436577262477,170.40873154524957
484,1124.3649254715697,926.9621670902263,185.39243341804527
485,1057.7746290402326,1011.9108998247708,202.38217996495416
486,1135.3427115757474,729.7961120480362,145.95922240960724
487,1091.8451996385604,688.7029425623069,137.7405885124614
488,1368.7141635072564,716.9212422515886,143.38424845031773
489,1288.163975694945,1051.510092411262,210.30201848225238
490,1199.2027358683383,833.7770224929063,166.75540449858127
491,1347.9944138890025,1206.9839142801902,241.39678285603804
492,1207.7368307647619,832.2902881611134,166.45805763222268
493,1113.8715798671738,922.1461563836444,184.4292312767289
494,1352.3124077269658,1085.053194308145,217.01063886162902
495,1253.891004368466,1140.7311465790947,228.14622931581894
496,1096.2753845673544,1147.3804291963677,229.47608583927354
497,1180.9661321916392,1045.003947671177,209.00078953423542
498,1112.4381746615243,1022.8875030973754,204.5775006194751
499,1061.7200269035663,971.1032339041419,194.2206467808284
500,1292.617754753164,993.4033291399966,198.68066582799932
501,1390.941664047013,833.857714040576,166.7715428081152
502,1060.1432426180859,801.8161339893231,160.36322679786463
503,1256.2969236690572,899.5950651106857,179.91901302213716
504,1134.9357430878174,879.5778452970086,175.91556905940172
505,1151.2874616235304,845.6126340807269,169.1225268161454
506,1140.760607576113,983.5664936948058,196.71329873896116
507,1113.6009230320185,1014.6366250284613,202.92732500569227
508,1204.8521627944826,910.6088263550217,182.12176527100436
509,1116.9049883588962,1077.3036097266313,215.46072194532627
510,1227.0456825779838,762.9973063039794,152.5994612607959
511,1194.9761890550863,876.7608648864339,175.35217297728678
512,1176.105195313359,813.9813215276635,162.7962643055327
513,1109.2436337958402,676.0156059512328,135.20312119024658
514,1142.3228669431667,890.078317698876,178.01566353977523
515,1275.5391225825756,885.390298994006,177.0780597988012
516,1250.0917187624382,1081.6139691890558,216.32279383781116
517,1102.244475520145,975.6974021465733,195.13948042931466
518,1209.9332305429225,777.0975810804954,155.41951621609908
519,1275.138712337179,1122.4911079601027,224.49822159202054
520,1033.0594718878629,1046.5240434630423,209.30480869260847
521,1254.3360192379935,969.8517244162339,193.97034488324678
522,1133.7376241054153,872.8219081380201,174.56438162760404
523,1257.059866859316,784.8672915931825,156.97345831863652
524,1123.6740843457483,855.3351868714736,171.06703737429473
525,1019.5117899335481,1030.6498343645023,206.12996687290047
526,1037.2457562116838,1126.150356712153,225.23007134243062
527,1204.8084946661381,1085.1892233926626,217.03784467853254
528,1225.9722501721483,841.3380693856471,168.26761387712943
529,1109.568337489559,765.6459080053187,153.12918160106375
530,1263.8592458777373,916.9063496293445,183.3812699258689
531,1033.847993773104,687.7872761324578,137.55745522649156
532,1193.3920201352682,938.7801257021738,187.75602514043476
533,1078.8983800237543,882.2876896441597,176.45753792883195
534,1134.816389219784,844.0756197758109,168.8151239551622
535,1204.7398671316414,708.6356319279846,141.72712638559693
536,1113.9586634716047,961.632012788366,192.3264025576732
537,1161.5444455770175,836.0758992405706,167.21517984811413
538,1300.629280921444,759.6099797147655,151.9219959429531
539,1142.310813047685,555.3285344062022,111.06570688124043
540,1283.5692112065142,896.6982113939237,179.33964227878474
541,1087.0293145342382,1112.6701916003692,222.53403832007385
542,1252.9804177915282,1099.3511057457445,219.8702211491489
543,1344.15686206579,845.1484492096474,169.0296898419295
544,952.8355499872711,827.7345527565864,165.5469105513173
545,1120.3104744529523,956.2529107290029,191.2505821458006
546,1257.707212718054,780.193747297405,156.038749459481
547,1179.6954613957007,936.2150279783359,187.2430055956672
548,1237.1145873371308,991.9296334061628,198.38592668123258
549,1139.601481328418,1047.2319868661168,209.44639737322336
550,1208.65897874729,887.9815108224057,177.59630216448113
551,1184.432276460792,875.5591499787641,175.11182999575283
552,1316.7782061659807,794.6420895892127,158.92841791784255
553,1225.4420843301214,800.7743575152168,160.15487150304338
554,1233.7602662075203,872.8225329718168,174.56450659436337
555,1158.8123033877532,944.0838608179414,188.8167721635883
556,1151.2393775927505,1009.63015514799,201.926031029598
557,1156.744181218038,803.6185259183586,160.72370518367174
558,1239.4452142378298,1079.1226282751427,215.82452565502854
559,1157.9015519179736,867.4651678748918,173.49303357497837
560,1228.9774856896413,897.4359246781877,179.48718493563754
561,1407.540079864544,810.3345985022612,162.06691970045225
562,1287.1124703431692,609.0911687672469,121.81823375344939
563,1167.3976467832158,1006.0854475633259,201.2170895126652
564,1320.1213922163945,988.421267651092,197.6842535302184
565,1159.1924626978448,866.2406931458144,173.2481386291629
566,996.1875464822147,908.0388860669847,181.60777721339696
567,1099.1913689082596,961.9127061244919,192.3825412248984
568,1012.9208078974144,712.494497173615,142.498899434723
569,1164.8486515958691,836.5136787184447,167.30273574368894
570,1201.8418379189552,995.3117615546192,199.06235231092387
571,1367.6437312275282,749.48526921969,149.897053843938
572,1232.6927373764163,935.2269518599956,187.04539037199913
573,1178.0899471191135,737.2101834451914,147.4420366890383
574,1282.940558118349,955.9715978920232,191.19431957840465
575,978.8864690992115,895.723022124302,179.1446044248604
576,1223.5614558108566,706.1841820913389,141.23683641826779
577,1277.0865193886966,1039.7687225348604,207.9537445069721
578,1052.141375422016,811.8490107842341,162.36980215684684
579,1314.375404320693,802.7697075582743,160.55394151165487
580,1233.8496407494415,924.0683036677132,184.81366073354263
581,1158.4712086099198,1037.8364819314459,207.56729638628917
582,1263.2781866106284,778.1013817225924,155.6202763445185
583,1427.0692857804397,907.4015819817566,181.48031639635133
584,1218.1866255058494,951.4579800396688,190.29159600793378
585,1224.8220586300336,983.1726728715773,196.63453457431547
586,1154.0639100459755,921.172986633267,184.23459732665341
587,1115.0155630535207,855.9566593100013,171.19133186200028
588,1283.0335816544246,800.6891735221536,160.13783470443073
589,1114.3916174091132,910.3372659655649,182.067453193113
590,1207.1566237219392,771.3433185617272,154.26866371234544
591,1152.2342553234882,549.4379419806471,109.88758839612943
592,1247.8979825746392,952.3871764989201,190.47743529978402
593,1233.3662105286949,1008.4721809303435,201.6944361860687
594,1303.7539944257899,616.4481077349794,123.28962154699589
595,1148.9983601145252,778.8323154348075,155.7664630869615
596,1173.0125064706629,974.2985113206237,194.85970226412473
597,1102.1236284217694,1146.899456365404,229.3798912730808
598,1155.570673992389,902.495244921049,180.49904898420982
599,1237.7300493044852,812.6396470525038,162.52792941050078
600,1275.6988616645351,878.0524270674192,175.61048541348384
601,1107.7834675822376,1064.9851702977821,212.99703405955643
602,1286.960592010566,822.4842985050558,164.49685970101118
603,1335.563785880495,804.0969592019695,160.8193918403939
604,1241.3434903223701,842.0707773381561,168.41415546763122
605,1387.6795812558066,785.6005670089545,157.12011340179092
606,1122.6210800896426,914.7204379193755,182.9440875838751
607,1075.5345296688583,1094.9614150163472,218.99228300326945
608,1022.1279751095722,938.7695127739235,187.7539025547847
609,1349.6044311489184,869.7175797448455,173.9435159489691
610,1265.4365656354057,864.9826477301347,172.99652954602695
611,1194.4415329089545,712.4171029564011,142.48342059128024
612,1227.9968626319821,1005.973173257659,201.19463465153183
613,1087.4510952701623,890.6595363584638,178.13190727169277
614,1444.5751979616825,878.3424103691249,175.66848207382498
615,1212.9221181975227,1283.1729081413832,256.63458162827664
616,1210.9394794604893,935.8503490038823,187.17006980077647
617,1272.5766623898692,809.7850739885779,161.9570147977156
618,1248.1009231736714,848.8370884553348,169.76741769106695
619,1222.3884024279132,1037.8134851036107,207.56269702072214
620,1120.9525544554688,913.5924492645318,182.71848985290637
621,1247.1468357135996,727.406642601916,145.48132852038322
622,1388.2024496475033,1010.3074721490244,202.0614944298049
623,1334.5420046154977,819.8227097353207,163.96454194706416
624,1359.3186626639397,1124.7957331461055,224.9591466292211
625,1148.8784323568814,1029.6057678857578,205.92115357715159
626,1101.039517974142,846.3213725209498,169.26427450418998
627,1187.421307990035,1053.7219634082135,210.7443926816427
628,1205.5724912288695,908.1426612632883,181.6285322526577
629,1309.4191518470948,1002.3328410146663,200.46656820293327
630,1030.7535370285182,958.167938075337,191.63358761506743
631,1352.9550319460614,798.4372014010952,159.68744028021905
632,1184.199210142101,822.7740201219045,164.55480402438093
633,1157.311893005258,1023.5952981097394,204.71905962194788
634,1098.7895624739833,859.8269601472151,171.96539202944302
635,1034.5143328134232,851.5621844109604,170.3124368821921
636,1282.3170583961914,785.3852904780776,157.07705809561554
637,1207.3317967188405,950.8318878712154,190.16637757424309
638,1071.0039100258946,1147.5029903091774,229.5005980618355
639,1070.4921227936384,771.8960502894872,154.37921005789747
640,1166.4215300709873,902.906334800731,180.5812669601462
641,1366.9021525289393,1069.4664666498516,213.89329332997033
642,1174.0408648636396,890.4430330505141,178.08860661010283
643,1049.6857046881894,954.2846155499681,190.85692310999363
644,1175.4256935914057,772.5127766223744,154.50255532447488
645,1172.727643025233,951.3968516649178,190.27937033298358
646,930.3113357058428,877.5426881994541,175.50853763989085
647,1194.5705133482188,1018.2875994815836,203.65751989631673
648,1176.9065469791321,1042.4863261877701,208.49726523755405
649,1269.6206364813418,1210.7476370422337,242.14952740844674
650,1384.8956094945345,969.5559807856291,193.91119615712583
651,1312.6565029547758,939.09555798986,187.819111597972
652,1173.1111309445168,923.3261161892804,184.66522323785608
653,1089.3474091258329,857.6200448627174,171.52400897254347
654,1457.335980324986,940.6180612154029,188.1236122430806
655,1205.9218434014488,864.5518307833165,172.91036615666331
656,1201.3929291912946,920.2153171523537,184.04306343047074
657,1197.5874912889997,1058.1117042729552,211.62234085459104
658,1219.8084760767856,779.2148921664431,155.84297843328864
659,1185.5639588076058,1036.7854273354856,207.35708546709714
660,1142.6337993119764,1058.0538080807837,211.61076161615676
661,1145.3141058759609,885.8317767610705,177.1663553522141
662,1196.7246729784001,645.3774121189687,129.07548242379374
663,1145.6575228866236,827.0613615486681,165.41227230973362
664,1128.7154217322836,1055.639345587333,211.12786911746662
665,1210.6430227691897,897.2558325241341,179.45116650482683
666,1174.5022782579144,780.0837321246107,156.01674642492216
667,1350.3992988582688,839.4270094526139,167.8854018905228
668,934.9030191606988,1000.8744031805463,200.17488063610926
669,1309.150685192246,965.6080281841655,193.12160563683312
670,1324.6085192497628,871.3281480996367,174.26562961992735
671,992.660976759185,855.9810705822375,171.19621411644752
672,1165.7312405919652,852.9890221147414,170.5978044229483
673,1162.8559134004208,789.3107778601797,157.86215557203593
674,1059.248830528218,1093.845082736333,218.76901654726663
675,1122.2183312409124,861.3215436946392,172.26430873892787
676,1088.9424154534172,1046.0590224990597,209.21180449981193
677,1375.2270443423622,1082.5579262306942,216.51158524613885
678,1293.5678393147462,1019.7973077777552,203.95946155555106
679,1327.155509499416,848.2055624738342,169.64111249476684
680,1272.1672064043235,948.4476108403932,189.68952216807864
681,1087.094822878277,897.0965272330901,179.41930544661804
682,1147.5479733720226,791.5557767123846,158.31115534247692
683,1248.937456122792,938.9231138065924,187.78462276131847
684,1077.7872191108054,758.5152250608237,151.70304501216475
685,1271.2998430172388,1042.5215266153878,208.50430532307757
686,1175.9674601841864,844.2459243241929,168.84918486483858
687,1162.5179192450403,924.1391587047407,184.82783174094814
688,1271.0959968203492,933.994544585537,186.7989089171074
689,1244.426331148604,868.9314031555107,173.78628063110216
690,1163.903383418092,970.403256177033,194.0806512354066
691,1315.9329803364249,843.0115612052971,168.60231224105942
692,1091.8936672400102,1004.5556756948693,200.91113513897386
693,1261.5935606944263,738.4824383703901,147.69648767407804
694,1259.3101257968383,915.1655495455694,183.0331099091139
695,1169.045356068601,1132.6714798869941,226.53429597739884
696,1232.6133022242118,779.960241047331,155.99204820946622
697,1074.8886423614697,818.6706035370178,163.73412070740358
698,1292.40270192069,961.6689419590698,192.33378839181398
699,1181.5097863557012,921.5498138327517,184.30996276655037
700,1147.727697948096,942.0756119128271,188.41512238256541
701,1304.900922583689,958.7024556177196,191.74049112354393
702,1129.565630945724,976.1665762274124,195.2333152454825
703,1059.153870363644,1033.1639810347467,206.63279620694937
704,1044.3370826476096,949.1782388314215,189.8356477662843
705,1260.600995134564,871.049081445775,174.20981628915501
706,1071.9570647503717,980.7088441443277,196.14176882886557
707,1375.4794181984364,1127.9858321874258,225.59716643748516
708,991.8070592116278,884.0839504340912,176.81679008681826
709,1369.6456368290037,783.056483439523,156.61129668790463
710,1221.1017467202619,1032.8496803144367,206.56993606288734
711,1190.3286888129608,885.5542603255682,177.11085206511365
712,1145.508091319105,639.2796544783157,127.85593089566315
713,1239.913611435207,1001.6906012580506,200.33812025161012
714,1196.2365297575152,835.7606176855293,167.15212353710587
715,1310.3301882016522,889.1360061235007,177.82720122470016
716,1211.422764866204,939.8376396682818,187.96752793365636
717,1215.0301761461878,922.859961573488,184.5719923146976
718,1163.6387787786143,985.1342180566847,197.02684361133697
719,1194.3054376278933,847.7416355316188,169.54832710632377
720,1230.780176889206,961.5726957811299,192.314539156226
721,1028.9831607343374,868.8543986899299,173.77087973798598
722,1065.1814577894288,988.6572577065003,197.7314515413001
723,1274.3264094022716,973.8440980815665,194.7688196163133
724,1217.0865438127942,787.7473557546485,157.54947115092972
725,1181.6016663647322,1030.317853941004,206.0635707882008
726,1201.8433933065394,835.6843865863142,167.13687731726284
727,1234.7581705361672,996.9669357937374,199.3933871587475
728,1146.0240319690638,944.0744776081609,188.8148955216322
729,1122.1695274597687,1120.5820412154146,224.11640824308293
730,1219.5845255097681,873.1840821153777,174.63681642307554
731,1102.1627222384968,858.0819844658163,171.61639689316326
732,1240.8252755714473,897.669647293472,179.53392945869442
733,1029.741639576216,863.6184260598869,172.7236852119774
734,1302.9155637325644,995.9930282330461,199.19860564660922
735,1247.2597482413044,706.0427269876095,141.2085453975219
736,1225.6029734313875,773.5581097024375,154.7116219404875
737,1298.2690983945513,771.8636494104968,154.37272988209938
738,1366.5474444462577,1014.0369110368291,202.80738220736583
739,1301.4370065018131,1105.273604709831,221.05472094196622
740,1015.9125768668355,887.4660937755034,177.49321875510068
741,1072.0423033264299,879.7413932171987,175.94827864343975
742,1137.5181422304322,908.4062595735818,181.68125191471637
743,1202.6091050210835,1039.425396312983,207.8850792625966
744,1251.7659020469123,788.7176238971311,157.74352477942625
745,1127.4256186846535,928.6042779281743,185.72085558563487
746,1218.676676447708,1017.0237155738915,203.4047431147783
747,1124.4617067646677,960.1313003927814,192.0262600785563
748,1138.8482197008052,922.7497939918492,184.54995879836986
749,1059.3338903151778,1020.125531108057,204.0251062216114
750,1107.6766753889096,575.6121248400916,115.12242496801832
751,1064.8315394383667,981.3450383437089,196.26900766874178
752,1102.4126747022667,821.5109180247091,164.30218360494183
753,1305.364179660784,680.3240523772251,136.06481047544503
754,1105.0601111168057,961.3443119429977,192.26886238859956
755,1463.238206483739,1064.839025419555,212.967805083911
756,1249.3317900880888,883.506178244677,176.7012356489354
757,1218.4836123694874,1014.3449456643526,202.86898913287052
758,1114.1642219818787,1093.4733909586375,218.69467819172752
759,1270.0309879408992,1057.7897344300857,211.55794688601713
760,1142.4362173762227,1096.7957435245671,219.35914870491342
761,1212.2009814645362,989.055298928627,197.81105978572543
762,1456.0084538268795,909.0520366681911,181.81040733363824
763,1190.394010027535,707.7641025723398,141.55282051446795
764,1314.9273326285677,870.4725014244061,174.09450028488124
765,1129.6823574874113,798.810408562057,159.7620817124114
766,1196.5011509503038,1160.5131260997377,232.10262521994756
767,1377.080063563551,878.8937025081196,175.77874050162393
768,1137.3032942212233,914.7845768141383,182.95691536282766
769,1381.244855799693,966.1782451248561,193.23564902497122
770,1270.7751935455476,905.2322935646945,181.04645871293891
771,1143.7533224105732,1103.4061248516905,220.68122497033812
772,1263.240773905552,825.2820765918658,165.05641531837318
773,1297.255444962673,923.3528946284691,184.67057892569383
774,1262.1809962217196,810.9035297162342,162.18070594324683
775,1042.9775280109543,741.5972986535153,148.31945973070307
776,1127.2862824175131,826.5877090913657,165.31754181827316
777,1175.2481364448495,895.5555843541906,179.11111687083815
778,1192.5566570899953,848.4837330579288,169.69674661158578
779,1262.0672097550678,816.9094824151373,163.38189648302748
780,1217.7701000933255,731.24190435938,146.248380871876
781,1066.4655641289899,890.0273312845567,178.00546625691135
782,1238.0197851005964,719.4335551162798,143.88671102325597
783,1261.0585745283822,991.2067156427523,198.24134312855048
784,1255.979044793104,909.8927703521404,181.9785540704281
785,1308.078072555462,725.0938200642083,145.01876401284167
786,1283.3922154548904,862.8949107540163,172.57898215080328
787,1245.9180079228436,809.74123132913,161.94824626582601
788,1192.9834288541354,938.3009412503017,187.66018825006034
789,1033.9039066484008,1060.8540535227773,212.1708107045555
790,1242.9618219132585,674.9793036425107,134.99586072850215
791,1220.7687687163111,913.8031294976901,182.760625899538
792,1227.1578837195373,880.7840645320032,176.15681290640066
793,1072.3251424179691,980.5608091740559,196.1121618348112
794,1091.8943459591737,925.5835953885227,185.11671907770454
795,1305.3152853332904,809.7636801913417,161.95273603826834
796,1196.0444846143346,861.7135277200058,172.34270554400118
797,1268.1500697372624,804.4768971835813,160.89537943671627
798,1202.8318376130462,1029.1208566318319,205.82417132636638
799,1202.9756139495746,902.557397840633,180.51147956812662
800,1293.8283805975998,1128.1428822903608,225.6285764580722
801,1148.3955271782627,892.7207023422455,178.54414046844911
802,1209.6120776940984,814.9911879707445,162.99823759414892
803,1153.7724711294957,718.3542728864608,143.67085457729215
804,1156.5503772567683,683.6232388492866,136.72464776985734
805,1169.0827876531362,709.9036868393412,141.98073736786824
806,1222.2133771633712,932.055198121378,186.41103962427562
807,1152.1251378336522,961.0470027875921,192.20940055751842
808,1325.575612557352,710.257115756144,142.05142315122882
809,1110.5392697780496,1007.4045976891339,201.4809195378268
810,1181.3128355838642,842.0326737979873,168.40653475959746
811,1156.0268941725826,917.6151614382659,183.5230322876532
812,1344.6977884353732,1093.4664753906509,218.69329507813018
813,1219.6554776511575,1007.6207179038638,201.52414358077277
814,1303.1844539468634,867.7763222513001,173.55526445026004
815,1051.4439626963028,793.0569329501654,158.6113865900331
816,1226.705026586926,641.7821518404834,128.35643036809668
817,1288.9630795623436,813.7016016909096,162.74032033818193
818,1208.2283989275425,874.6643713406767,174.93287426813535
819,1306.5480375065351,781.5384567418579,156.30769134837158
820,1148.2711549899627,884.2491639489234,176.8498327897847
821,1340.934744018558,909.2222259550522,181.84444519101044
822,1429.8898123619251,873.0172821830306,174.60345643660614
823,1163.716143956034,821.9996903011848,164.399938060237
824,1155.4497478599228,920.2385606360074,184.0477121272015
825,1345.3384477117702,953.0328779483291,190.60657558966582
826,1357.9572145730713,769.1521107068585,153.8304221413717
827,1147.7139972846733,1069.3118855695525,213.8623771139105
828,1157.9813182904143,888.1694241258886,177.63388482517772
829,1171.8215391139493,902.2619547533817,180.45239095067635
830,1065.5549488965723,984.9857307907869,196.9971461581574
831,1108.13480535158,927.9859357516202,185.59718715032406
832,1099.5859233247932,1014.3763960695894,202.8752792139179
833,1123.2202434895871,934.454899824219,186.8909799648438
834,1196.5315112613218,826.5075150431475,165.3015030086295
835,1223.421473253652,943.3804230247322,188.67608460494645
836,1355.0500492814076,762.7528551215206,152.55057102430413
837,1100.164595926121,913.0271646931827,182.60543293863657
838,1298.4322398476584,896.0124011226648,179.20248022453296
839,1178.601115577449,875.0259771272953,175.00519542545908
840,1195.0536290347568,884.5754986273283,176.91509972546567
841,1267.4819492166603,674.1781145402833,134.83562290805668
842,1087.72779784377,834.1530110710846,166.83060221421692
843,1238.240974618405,911.1413881369338,182.22827762738677
844,1216.6452208213057,919.1827670396881,183.83655340793763
845,1249.245126400815,776.678983088885,155.33579661777702
846,1228.9168643907817,1051.8849409037641,210.37698818075285
847,1445.5300139910894,796.0590182142599,159.211803642852
848,1136.2260015748684,1016.3348640632084,203.2669728126417
849,1146.9003044998183,951.2633234246022,190.25266468492043
850,1137.6859473575237,822.4527228187436,164.49054456374873
851,1144.4522880839745,1113.0373071131414,222.6074614226283
852,1136.2612872693483,756.7635801892224,151.3527160378445
853,1318.9016531107552,1010.2985008332001,202.05970016664003
854,1342.0504247989854,1020.0698781651574,204.0139756330315
855,1142.9253706250524,819.5255749108026,163.9051149821605
856,1116.7644426895772,1067.0958360077195,213.41916720154393
857,1247.1415556386405,869.9944182481256,173.99888364962513
858,1144.7776955719028,934.6432355135828,186.92864710271658
859,1263.2931817755511,931.2386206525465,186.2477241305093
860,1220.29230208513,883.8829510235342,176.77659020470685
861,1048.4255885002767,997.2969927791738,199.45939855583478
862,1354.7505201330061,995.2186464662656,199.04372929325314
863,1379.5877673095522,690.1761632114183,138.03523264228366
864,1138.7211309515615,1056.5208291453782,211.30416582907566
865,1161.2298440064017,700.5009614357191,140.1001922871438
866,1228.5865390724905,1023.9055445209989,204.78110890419978
867,1233.4456789987025,1035.20461641931,207.040923283862
868,1265.854427267283,769.0840283741762,153.81680567483525
869,1401.020453876635,850.7022854454498,170.14045708908998
870,1182.305277250595,767.3154397816877,153.46308795633755
871,1120.1702755461547,874.2094763653517,174.84189527307035
872,1062.0680771985474,863.0358858977111,172.60717717954222
873,1126.9069960058082,993.5592638723208,198.71185277446418
874,1196.6873027126203,1057.237049534353,211.4474099068706
875,1379.4557863517787,1067.4820572947947,213.49641145895896
876,1148.238870096383,832.5398368106038,166.50796736212078
877,1222.37879516389,874.8933751506567,174.97867503013134
878,1198.3577103927248,697.987416933486,139.5974833866972
879,1318.8393273448085,803.2955920204573,160.6591184040915
880,1452.6932425873622,1015.7821959716949,203.156439194339
881,1146.913122707968,1093.8699388257878,218.77398776515759
882,1151.0560557481779,751.8781353744093,150.37562707488186
883,1304.416087706907,828.9042889016526,165.78085778033054
884,1268.1891489626312,896.8313091649287,179.36626183298574
885,1384.6707325736033,933.6193390583528,186.72386781167057
886,1258.3928185325965,802.8475776094025,160.5695155218805
887,1164.070790921294,950.8873253356908,190.17746506713817
888,1259.0654830692308,843.13927835149,168.627855670298
889,1310.8703580582908,898.2657274946065,179.6531454989213
890,1282.0482181197365,965.5541097604439,193.1108219520888
891,1250.7274031107297,900.7706723773125,180.1541344754625
892,1306.6674689589154,847.6336931368118,169.52673862736236
893,1316.9295590445672,886.8468235289002,177.36936470578007
894,1338.2158991037527,889.3964448953598,177.87928897907196
895,1264.8709887589644,855.5986764141446,171.11973528282894
896,1183.2881919683145,868.9444724799478,173.78889449598955
897,1214.6713686433322,1091.837660460566,218.3675320921132
898,1320.6508966508356,967.3103337529486,193.46206675058974
899,1118.3064329012764,864.5423618365007,172.90847236730016
900,1236.86733088729,983.6345285412883,196.72690570825768
901,1160.666118767264,859.9416612292788,171.98833224585576
902,1202.8744822934818,1040.774956510397,208.15499130207942
903,1327.8451862607299,944.3570630637713,188.87141261275428
904,1219.1099068019903,887.1237427194925,177.42474854389852
905,1204.6436548156148,953.7260310972333,190.7452062194467
906,1064.0143859020081,711.49486175178,142.29897235035602
907,1274.6253566027221,764.7879037308234,152.95758074616467
908,1264.5484181141076,756.7289992321133,151.34579984642266
909,1416.325472330546,917.1531713716448,183.43063427432898
910,1169.2221765047,1107.901799938211,221.58035998764223
911,1221.915032766394,1167.7560175431158,233.5512035086232
912,1224.9383683710755,976.5661321728909,195.31322643457818
913,1357.7453279763474,960.1013369933348,192.020267398667
914,1190.4704467613049,683.8730719016713,136.77461438033427
915,1227.902152577034,834.8791440319173,166.97582880638348
916,1260.7896509716538,805.4659497710113,161.09318995420227
917,1218.6609123156359,825.4982882098661,165.09965764197324
918,1155.3566385449471,879.8227417698253,175.96454835396506
919,1219.4089992898307,843.3491306763447,168.66982613526895
920,1307.3631749859771,662.4840227549055,132.4968045509811
921,1097.348470058894,989.749230734104,197.94984614682082
922,1213.2969674146875,771.2708369112232,154.25416738224465
923,1129.9879185060827,928.7096236933379,185.7419247386676
924,1319.5046628924842,1148.8899203699968,229.7779840739994
925,1047.6813095216226,789.6738490096292,157.93476980192585
926,1144.1078152728412,596.3654972704404,119.27309945408808
927,1237.721187506452,865.6794933743867,173.13589867487735
928,1356.552402923434,1032.1151561998286,206.42303123996572
929,1193.4249738927012,1135.0016945064713,227.00033890129427
930,1144.4800473306802,752.4540486657099,150.490809733142
931,1388.115706944059,959.6039067883826,191.92078135767653
932,1055.1986099583755,844.1627451863936,168.83254903727874
933,980.1194043379918,887.2861974835038,177.45723949670077
934,1244.0014450053332,1217.3212016420441,243.46424032840883
935,1149.7945775647388,719.6435605925816,143.92871211851633
936,1097.8767182869287,930.4487593793488,186.08975187586975
937,1270.8356447299352,956.1231806118519,191.22463612237038
938,1224.38007137712,1030.2943589927218,206.05887179854437
939,1143.5921369263272,911.7579784165074,182.3515956833015
940,1071.9695601329106,936.9660647404922,187.39321294809847
941,1287.2457328280145,853.0021719093851,170.60043438187702
942,1265.020117795866,932.2952329494128,186.45904658988258
943,1190.0824136220617,858.8169269403107,171.76338538806215
944,1384.6636996047666,974.5886267827261,194.91772535654525
945,1092.9915233673848,855.6467596747639,171.12935193495278
946,1047.4474829075261,945.2520472682623,189.0504094536525
947,1130.8091930118755,896.4884623578026,179.29769247156054
948,1195.4413983644502,1035.1260300926601,207.02520601853203
949,1224.333944932269,893.8327531693817,178.76655063387636
950,1175.876394214367,687.2361038151743,137.44722076303486
951,1235.2055396514297,1051.430580085679,210.28611601713578
952,1074.8460575809556,791.3121238964857,158.26242477929713
953,1344.376460407326,821.5480393621416,164.30960787242833
954,1191.784882160743,828.5206447147809,165.7041289429562
955,1311.7295831588128,1064.9325711804981,212.98651423609965
956,1234.2725346377704,643.7190943225565,128.74381886451133
957,1245.6753219153784,1276.5298240391992,255.30596480783984
958,1256.9767280232204,1026.7268170879263,205.34536341758528
959,1244.7708560017315,926.7886696954992,185.35773393909983
960,1264.2722759867545,893.4127199260456,178.68254398520912
961,1332.915253013243,934.2664889829189,186.85329779658377
962,1219.652116970147,962.5346914055206,192.5069382811041
963,1270.9003757588512,977.4258703140068,195.48517406280138
964,1191.0264305712774,966.6725359204138,193.33450718408278
965,1344.0117215449472,910.7496817506299,182.14993635012598
966,1132.3607697940731,876.3193895631209,175.2638779126242
967,1380.0940432910816,881.8472059615785,176.36944119231572
968,1195.9842049355657,876.6110063576783,175.32220127153568
969,1056.9224897881952,1036.0524116240476,207.21048232480953
970,1212.810441491079,971.2268066737034,194.2453613347407
971,1131.8948342525118,547.1533638402864,109.43067276805728
972,1284.0643548988724,978.7080931835713,195.7416186367143
973,1134.737602069761,923.3683433662529,184.6736686732506
974,1155.381656678522,897.7549492264923,179.55098984529846
975,1011.0459269054469,853.3777856293337,170.67555712586676
976,1154.7693680750924,1034.8935263983217,206.97870527966435
977,957.6120673371043,1013.7031754547429,202.7406350909486
978,1041.6097176514277,807.2546798611669,161.4509359722334
979,1276.0414656144299,948.8462744549443,189.76925489098886
980,1278.5800158650832,783.4011918550457,156.68023837100915
981,1242.5457561784965,734.4458202253284,146.88916404506568
982,1103.3023856870786,824.7939330492042,164.95878660984084
983,1195.2288643858021,1003.487216685931,200.6974433371862
984,1199.6397460909432,1014.3750054451305,202.8750010890261
985,1084.1635310807458,961.5702504116751,192.31405008233503
986,1350.3398301767152,987.0114944217596,197.40229888435192
987,1287.7362290575672,961.941394453795,192.388278890759
988,1177.9035826170336,823.0222085732457,164.60444171464917
989,1202.688583899453,951.8307053608729,190.3661410721746
990,1220.8382807947553,996.0491430273219,199.2098286054644
991,995.826513157571,990.5149595776289,198.1029919155258
992,1175.2822617479403,1042.6696045769572,208.53392091539146
993,1131.8015752002202,984.9964616641277,196.99929233282555
994,1099.8379990105084,942.1737849049899,188.434756980998
995,1171.8899707114044,1028.4180285979712,205.68360571959425
996,1379.7686526849523,896.8174488901128,179.36348977802257
997,1264.084286126701,794.1750418526739,158.83500837053478
998,1142.8821010217202,880.4319643267484,176.0863928653497
999,1257.258278135616,810.6116826232261,162.12233652464522
